<?xml version="1.0" ?>
<manifest identifier="RappEc5T3fRK4LYrkYebpZ2-M24Sa9Gn4R-IxTZG" version="1"
  xmlns="http://www.imsproject.org/xsd/imscp_rootv1p1p2"
  xmlns:adlcp="http://www.adlnet.org/xsd/adlcp_rootv1p2"
  xmlns:xsi="http://www.w3.org/2001/XMLSchema-instance"
  xsi:schemaLocation="http://www.imsproject.org/xsd/imscp_rootv1p1p2 imscp_rootv1p1p2.xsd
                      http://www.adlnet.org/xsd/adlcp_rootv1p2 adlcp_rootv1p2.xsd">
  <metadata>
    <schema>ADL SCORM</schema>
    <schemaversion>1.2</schemaversion>
    <adlcp:location>metadata.xml</adlcp:location> 
  </metadata>
  <organizations default="articulate_rise">
      <organization identifier="articulate_rise">
      <title>Insights: Filter</title>
      <item identifier="i1" identifierref="r1" isvisible="true">
        <title>Insights: Filter</title>
        <adlcp:datafromlms>eyJjcHYiOiI0Ui1JeFRaRyIsInJsZCI6ZmFsc2V9</adlcp:datafromlms>
      </item>
    </organization>
  </organizations>
  <resources>
    <resource identifier="r1" type="webcontent" adlcp:scormtype="sco" href="scormdriver/indexAPI.html">
      <!-- SCORMDRIVER STUFF -->
      <file href="scormdriver/indexAPI.html" />
      <file href="scormdriver/preloadIntegrity.js" />
      <file href="scormdriver/driverOptions.js" />
      <file href="scormdriver/AICCComm.html" />
      <file href="scormdriver/auto-scripts/AutoBookmark.js" />
      <file href="scormdriver/auto-scripts/AutoCompleteSCO.js" />
      <file href="scormdriver/auto-scripts/CourseExit.js" />
      <file href="scormdriver/blank.html" />
      <file href="scormdriver/goodbye.html" />
      <file href="scormdriver/scormdriver.js" />
      <file href="scormdriver/browsersniff.js" />

      <!-- RUNTIME COMMON STUFF -->
      <file href="scormcontent/index.html" />

      
        <file href="scormcontent/lib/fonts/icomoon.ttf"/>
        <file href="scormcontent/lib/fonts/icomoon.woff"/>

        <file href="scormcontent/lib/icomoon.css"/>
        <file href="scormcontent/lib/player-0.0.11.min.js"/>
        <file href="scormcontent/lib/lzwcompress.js"/>
      

      <!-- FRONTEND BUNDLE ASSETS -->
      <file href="scormcontent/lib/rise/5296fdaf.js" />
<file href="scormcontent/lib/rise/02ed395c.css" />
<file href="scormcontent/lib/rise/cc87f1aa.js" />
<file href="scormcontent/lib/rise/ff488d1d.css" />
<file href="scormcontent/lib/rise/534b3f2a.js" />
<file href="scormcontent/lib/rise/254e83dc.js" />
<file href="scormcontent/lib/rise/c82cca6a.js" />
<file href="scormcontent/lib/rise/40b4cf18.js" />
<file href="scormcontent/lib/rise/b2cebec4.js" />
<file href="scormcontent/lib/rise/a607e3d7.js" />
<file href="scormcontent/lib/mondrian/entry.js" />
<file href="scormcontent/lib/mondrian/e83d668b.js" />
<file href="scormcontent/lib/mondrian/53c5b2a9.js" />
<file href="scormcontent/lib/mondrian/7c7fd3da.js" />
<file href="scormcontent/lib/mondrian/daeabcf0.js" />
<file href="scormcontent/lib/mondrian/5708b424.js" />
<file href="scormcontent/lib/mondrian/09e37aee.js" />
<file href="scormcontent/lib/mondrian/196251cf.js" />
<file href="scormcontent/lib/sandbox/sandbox.html" />
<file href="scormcontent/lib/sandbox/b8fc6988.js" />
<file href="scormcontent/lib/sandbox/4adfab46.css" />


      <!-- RUNTIME CONTENT STUFF -->
      <file href="scormcontent/lib/fonts/Lato2-Regular.woff" />
<file href="scormcontent/lib/fonts/Lato2-Light.woff" />
<file href="scormcontent/lib/fonts/Lato2-Italic.woff" />
<file href="scormcontent/lib/fonts/Lato2-Bold.woff" />
<file href="scormcontent/lib/fonts/Lato2-Black.woff" />
<file href="scormcontent/lib/fonts/hQPFUvwPLJk0QEEo-flama-book-webfont.woff" />
<file href="scormcontent/assets/l5JNgLTfssszUE1m.jpg" />
<file href="scormcontent/assets/logo_mark_teal.png" />
<file href="scormcontent/assets/Navigate%20to%20Filters.mp4" />
<file href="scormcontent/assets/Navigate%20to%20Filters.png" />
<file href="scormcontent/assets/Navigate%20to%20Filters.vtt" />
<file href="scormcontent/assets/right%20arrow.png" />
<file href="scormcontent/assets/Filter.mp4" />
<file href="scormcontent/assets/Filter.png" />
<file href="scormcontent/assets/Filter.vtt" />
<file href="scormcontent/assets/Training%20Status%20Filter.png" />
<file href="scormcontent/assets/Edit%20filter.png" />
<file href="scormcontent/assets/Edit%20filter%20window.png" />
<file href="scormcontent/assets/Text%20Filter.jpg" />
<file href="scormcontent/assets/Numeric%20Filter.jpg" />
<file href="scormcontent/assets/Date%20Filter.jpg" />
<file href="scormcontent/assets/Cascading%20Filter.png" />
<file href="scormcontent/assets/Embedded%20filter.png" />
<file href="scormcontent/assets/Disable%20filter.png" />
<file href="scormcontent/assets/Applied%20filters.png" />
<file href="scormcontent/assets/Default%20filters.png" />
<file href="scormcontent/assets/Logical%20operators.png" />
<file href="scormcontent/assets/Restore%20Dashboard.png" />
<file href="scormcontent/assets/put%20it%20to%20use.jpg" />
<file href="scormcontent/assets/mountains.jpg" />
<file href="scormcontent/assets/ivHPopE-LGDvYGCx.png" />

      <file href="scormcontent/locales/und.js" />

    </resource>
  </resources>
</manifest>
